"title","stars","text","publishedAtDate","name","reviewerNumberOfReviews","isLocalGuide","reviewUrl","reviewerUrl","responseFromOwnerText","responseFromOwnerDate","originalLanguage","likesCount","visitedIn"
"Lardo & Rosemary","5","Platos chicos, relativamente caro pero muy muy rico y muy buena atención.","2026-06-04T03:56:52.247Z","Matias Di Guglielmo","3","false","https://www.google.com/maps/reviews/data=!4m8!14m7!1m6!2m5!1sCi9DQUlRQUNvZENodHljRjlvT2pWSmRqbFNlVVpzUzJGd1FWcEtOVW8xY0VGcFoxRRAB!2m1!1s0x0:0x5344f4ed57e92227!3m1!1s2@1:CAIQACodChtycF9oOjVJdjlSeUZsS2FwQVpKNUo1cEFpZ1E%7C%7C?hl=es-419","https://www.google.com/maps/contrib/115195884355841998813?hl=es-419",,,"es","0",
"Lardo & Rosemary","5","Todo muy sabroso, el personal super atentos. Muy buena carta de vinos y ambiente super calido. Volveremos!","2026-06-03T16:47:35.805Z","Marcello Elef","60","true","https://www.google.com/maps/reviews/data=!4m8!14m7!1m6!2m5!1sCi9DQUlRQUNvZENodHljRjlvT2s0eVZtSTBVRWxwWVdVMWNFZFdhVVZwZUdwMWNGRRAB!2m1!1s0x0:0x5344f4ed57e92227!3m1!1s2@1:CAIQACodChtycF9oOk4yVmI0UElpYWU1cEdWaUVpeGp1cFE%7C%7C?hl=es-419","https://www.google.com/maps/contrib/116059084001078555515?hl=es-419",,,"es","0",
"Lardo & Rosemary","5","Lindo el lugar, la comida, la atencion, la música","2026-05-29T14:54:35.861Z","Agostina Micaela Dragonetti","3","false","https://www.google.com/maps/reviews/data=!4m8!14m7!1m6!2m5!1sCi9DQUlRQUNvZENodHljRjlvT2w5emQzSnlRbDh6Y201MWMwdG5RVWxRVlY5NmIxRRAB!2m1!1s0x0:0x5344f4ed57e92227!3m1!1s2@1:CAIQACodChtycF9oOl9zd3JyQl8zcm51c0tnQUlQVV96b1E%7C%7C?hl=es-419","https://www.google.com/maps/contrib/108506607218298637110?hl=es-419",,,"es","0",
"Lardo & Rosemary","5",,"2026-05-27T02:22:47.727Z","natalia vasicek","0","false","https://www.google.com/maps/reviews/data=!4m8!14m7!1m6!2m5!1sCi9DQUlRQUNvZENodHljRjlvT2xaZmMwWjVNSEUwVERCb05VeGxVRXRYYWxoeVRYYxAB!2m1!1s0x0:0x5344f4ed57e92227!3m1!1s2@1:CAIQACodChtycF9oOlZfc0Z5MHE0TDBoNUxlUEtXalhyTXc%7C%7C?hl=es-419","https://www.google.com/maps/contrib/105018740271753612493?hl=es-419",,,,"0",
"Lardo & Rosemary","4","Bien he comido mejor ahí.
Comimos el choclo, el tiradito, 2 copas de vino y postre","2026-05-24T23:04:47.209Z","Nasha Pieczanski","10","true","https://www.google.com/maps/reviews/data=!4m8!14m7!1m6!2m5!1sCi9DQUlRQUNvZENodHljRjlvT2kxU2JURjJSbVI1ZFhGUllqbDRUV1l5YVhkNGRIYxAB!2m1!1s0x0:0x5344f4ed57e92227!3m1!1s2@1:CAIQACodChtycF9oOi1SbTF2RmR5dXFRYjl4TWYyaXd4dHc%7C%7C?hl=es-419","https://www.google.com/maps/contrib/113248331915816639348?hl=es-419",,,"es","0",
"Lardo & Rosemary","5",,"2026-05-23T21:04:02.478Z","Pilar Garat","3","false","https://www.google.com/maps/reviews/data=!4m8!14m7!1m6!2m5!1sCi9DQUlRQUNvZENodHljRjlvT25KWVQwRkdZbEZUYW1GNlNFNDNkRFp3Y1V4NmFGRRAB!2m1!1s0x0:0x5344f4ed57e92227!3m1!1s2@1:CAIQACodChtycF9oOnJYT0FGYlFTamF6SE43dDZwcUx6aFE%7C%7C?hl=es-419","https://www.google.com/maps/contrib/103592528277543197805?hl=es-419",,,,"0",
"Lardo & Rosemary","5",,"2026-05-18T00:25:19.412Z","nazarena sopranzi","9","false","https://www.google.com/maps/reviews/data=!4m8!14m7!1m6!2m5!1sCi9DQUlRQUNvZENodHljRjlvT2tSRVNqaDVObmw1ZVdKcWEyWkpSekJTTnpkUE5XYxAB!2m1!1s0x0:0x5344f4ed57e92227!3m1!1s2@1:CAIQACodChtycF9oOkRESjh5Nnl5eWJqa2ZJRzBSNzdPNWc%7C%7C?hl=es-419","https://www.google.com/maps/contrib/100561948484373853231?hl=es-419",,,,"0",
"Lardo & Rosemary","4","El lugar es hermoso: iluminación tenue, plantas y una cava enorme que hacen que el ambiente se sienta súper cálido y canchero sin perder lo relajado.

La comida estuvo excelente y con combinaciones bastante originales. Probamos la pesca curada; los tacos de pesca karaage, un sándwich de lomo con queso y ananá que honestamente no esperaba que funcionara tan bien (ojo, tiene un punto particular, te tiene que gustar jugosa la carne). Y unos bao que para mí la masa estaba muy gruesa.

Se nota mucho el cuidado en los sabores, la presentación y la propuesta del lugar. La atención espectacular, te asesoran muy bien a la hora de pedir. Definitivamente un lugar al que volvería.","2026-05-16T13:05:57.966Z","María Victoria Ruiz","14","true","https://www.google.com/maps/reviews/data=!4m8!14m7!1m6!2m5!1sCi9DQUlRQUNvZENodHljRjlvT2t3NGJsaGZVbmxLVG1KMVVIcElNakZ0VkhWMldYYxAB!2m1!1s0x0:0x5344f4ed57e92227!3m1!1s2@1:CAIQACodChtycF9oOkw4blhfUnlKTmJ1UHpIMjFtVHV2WXc%7C%7C?hl=es-419","https://www.google.com/maps/contrib/115520519170735370665?hl=es-419",,,"es","0",
"Lardo & Rosemary","5",,"2026-05-12T21:11:36.933Z","Santiago Forteza","25","true","https://www.google.com/maps/reviews/data=!4m8!14m7!1m6!2m5!1sCi9DQUlRQUNvZENodHljRjlvT25Wc2REZG5VVzVOT1ZselNFSnBTRXB5YWxWdFkwRRAB!2m1!1s0x0:0x5344f4ed57e92227!3m1!1s2@1:CAIQACodChtycF9oOnVsdDdnUW5NOVlzSEJpSEpyalVtY0E%7C%7C?hl=es-419","https://www.google.com/maps/contrib/100645856013997498004?hl=es-419",,,,"0",
"Lardo & Rosemary","5","La comida es una explosión  de sensaciones y de palcer para los sentidos,  el servicio es súper amable y el ambiente muy moderno! Los vinos muy ricos! Solamente le puedo criticae que cerca de la puerta se pone frio de entrar y salir los chicos, quizás  unas mantitas o el aire caliente más  fuerte  ayudarían a pasar mejor en ese sentido! Volveremos!","2026-05-10T02:13:05.115Z","militza araujo","89","true","https://www.google.com/maps/reviews/data=!4m8!14m7!1m6!2m5!1sCi9DQUlRQUNvZENodHljRjlvT20wNE1WUnNTR0ZuTUcxaGJreFFaWFpZU1dzeVFuYxAB!2m1!1s0x0:0x5344f4ed57e92227!3m1!1s2@1:CAIQACodChtycF9oOm04MVRsSGFnMG1hbkxQZXZYSWsyQnc%7C%7C?hl=es-419","https://www.google.com/maps/contrib/112548409529044698257?hl=es-419",,,"es","0",
"Lardo & Rosemary","5",,"2026-05-09T15:36:45.563Z","IANNUZZI","6","false","https://www.google.com/maps/reviews/data=!4m8!14m7!1m6!2m5!1sCi9DQUlRQUNvZENodHljRjlvT21veGVIUnFUMVpvU0RkeWJIcFRjelpOV2xOSk4zYxAB!2m1!1s0x0:0x5344f4ed57e92227!3m1!1s2@1:CAIQACodChtycF9oOmoxeHRqT1ZoSDdybHpTczZNWlNJN3c%7C%7C?hl=es-419","https://www.google.com/maps/contrib/109245955221349558002?hl=es-419",,,,"0",
"Lardo & Rosemary","4","El lugar está muy bueno y muy bien aclimatado.
El servicio es fenomenal, muy buena atención y muy atentos.
La comida esta muy rica, pero hay varios platos que no son nada de otro mundo.
Se destaca el choclo y el sandwich de lomo, pero la anana adentro queda rara. Yo pensé que era tomate al principio incluso.
Los postres bastante flojos.
Usé dos bigbox por todo lo que ven en las fotos. 100% recomendada la experiencia la verdad.","2026-05-02T22:00:23.198Z","Benjamín Alvarado","38","true","https://www.google.com/maps/reviews/data=!4m8!14m7!1m6!2m5!1sCi9DQUlRQUNvZENodHljRjlvT2pOS1gxSklOalZqY2xoemFHRnZPVFV4ZHpackxVRRAB!2m1!1s0x0:0x5344f4ed57e92227!3m1!1s2@1:CAIQACodChtycF9oOjNKX1JINjVjclhzaGFvOTUxdzZrLUE%7C%7C?hl=es-419","https://www.google.com/maps/contrib/107254041885079406723?hl=es-419",,,"es","0",
"Lardo & Rosemary","5","Buena experiencia","2026-04-30T16:30:13.105Z","Lic. Varela","2","false","https://www.google.com/maps/reviews/data=!4m8!14m7!1m6!2m5!1sCi9DQUlRQUNvZENodHljRjlvT25WYVdXZEpZV0oxYWxsaWJ6UjVPWGR0UjBwR2FGRRAB!2m1!1s0x0:0x5344f4ed57e92227!3m1!1s2@1:CAIQACodChtycF9oOnVaWWdJYWJ1allibzR5OXdtR0pGaFE%7C%7C?hl=es-419","https://www.google.com/maps/contrib/101520842374075874115?hl=es-419",,,"es","0",
"Lardo & Rosemary","5","Excellente menu, degustacion, atmosfera. Esta para volver.","2026-04-30T00:17:36.933Z","T. R.","3","false","https://www.google.com/maps/reviews/data=!4m8!14m7!1m6!2m5!1sCi9DQUlRQUNvZENodHljRjlvT2tGTFoxOTVSREY1WDJGSlJXdEJVbFV5Vms5M1dGRRAB!2m1!1s0x0:0x5344f4ed57e92227!3m1!1s2@1:CAIQACodChtycF9oOkFLZ195RDF5X2FJRWtBUlUyVk93WFE%7C%7C?hl=es-419","https://www.google.com/maps/contrib/101263736853538447802?hl=es-419",,,"es","0",
"Lardo & Rosemary","5","Juani <3","2026-04-28T12:25:03.124Z","Solene ROUX","9","false","https://www.google.com/maps/reviews/data=!4m8!14m7!1m6!2m5!1sCi9DQUlRQUNvZENodHljRjlvT2xKa2IzQjRaMFpaU2s5c2ExVjBibHBoYUZWeGRYYxAB!2m1!1s0x0:0x5344f4ed57e92227!3m1!1s2@1:CAIQACodChtycF9oOlJkb3B4Z0ZZSk9sa1V0blphaFVxdXc%7C%7C?hl=es-419","https://www.google.com/maps/contrib/112194700247853064833?hl=es-419",,,"sw","0",
"Lardo & Rosemary","5",,"2026-04-25T16:29:55.678Z","Nancy Garçon","10","false","https://www.google.com/maps/reviews/data=!4m8!14m7!1m6!2m5!1sCi9DQUlRQUNvZENodHljRjlvT2poQ1JWVkhPR0p1UzNFM1JUUjJORFp0VEY5WVkwRRAB!2m1!1s0x0:0x5344f4ed57e92227!3m1!1s2@1:CAIQACodChtycF9oOjhCRVVHOGJuS3E3RTR2NDZtTF9YY0E%7C%7C?hl=es-419","https://www.google.com/maps/contrib/109668325178655477048?hl=es-419",,,,"0",
"Lardo & Rosemary","5",,"2026-04-25T14:24:29.053Z","Agustina Fernandez Diaz","2","false","https://www.google.com/maps/reviews/data=!4m8!14m7!1m6!2m5!1sCi9DQUlRQUNvZENodHljRjlvT20xcmMycFphRmRsTmtNMllqbHBTMDFJVW0xeVJVRRAB!2m1!1s0x0:0x5344f4ed57e92227!3m1!1s2@1:CAIQACodChtycF9oOm1rc2pZaFdlNkM2YjlpS01IUm1yRUE%7C%7C?hl=es-419","https://www.google.com/maps/contrib/115871318639316247429?hl=es-419",,,,"0",
"Lardo & Rosemary","5","Increíble todo!!!! La atención del encargado, Ramiro, la verdad excelente!!! Muy atento y explicando cada detalle de cada plato! Volveremos pronto!","2026-04-25T00:57:52.909Z","Mechy Olivera wells","9","false","https://www.google.com/maps/reviews/data=!4m8!14m7!1m6!2m5!1sCi9DQUlRQUNvZENodHljRjlvT25SWE5rbExiVGhqZERKeWFESk9TVGR0U0U1WE9WRRAB!2m1!1s0x0:0x5344f4ed57e92227!3m1!1s2@1:CAIQACodChtycF9oOnRXNklLbThjdDJyaDJOSTdtSE5XOVE%7C%7C?hl=es-419","https://www.google.com/maps/contrib/114120757671868368128?hl=es-419",,,"es","0",
"Lardo & Rosemary","5","El mejor lugar de platitos. Muy buenos vinos. Es un ambiente íntimo, pero muy relajado","2026-04-11T16:47:57.227Z","Maria Fernanda Gonzalez","39","true","https://www.google.com/maps/reviews/data=!4m8!14m7!1m6!2m5!1sCi9DQUlRQUNvZENodHljRjlvT2pnd09EUm1hbFE0ZW1Kb2JUUTBiVmhrV0VwUk5HYxAB!2m1!1s0x0:0x5344f4ed57e92227!3m1!1s2@1:CAIQACodChtycF9oOjgwODRmalQ4emJobTQ0bVhkWEpRNGc%7C%7C?hl=es-419","https://www.google.com/maps/contrib/114795477332622232595?hl=es-419",,,"es","0",
"Lardo & Rosemary","5","A different experience from traditional restaurants. Restricted options, but very well executed with incredible flavors.","2026-04-08T00:21:35.129Z","Evandro Oliveira","54","true","https://www.google.com/maps/reviews/data=!4m8!14m7!1m6!2m5!1sCi9DQUlRQUNvZENodHljRjlvT2w5c1RITlNXV1U0VEZSeU5FUk9ia3hmYlVwdGNuYxAB!2m1!1s0x0:0x5344f4ed57e92227!3m1!1s2@1:CAIQACodChtycF9oOl9sTHNSWWU4TFRyNERObkxfbUptcnc%7C%7C?hl=es-419","https://www.google.com/maps/contrib/100803520554857874324?hl=es-419",,,"en","0",
"Lardo & Rosemary","5","Todo muy increible. Tremenda atencion y seleccion de vinos","2026-03-31T19:00:01.417Z","Tomas Pasqualini","42","true","https://www.google.com/maps/reviews/data=!4m8!14m7!1m6!2m5!1sCi9DQUlRQUNvZENodHljRjlvT25KVE9ESnhiMFIxTkhKWU1FWTNiR000Y1dKUlFXYxAB!2m1!1s0x0:0x5344f4ed57e92227!3m1!1s2@1:CAIQACodChtycF9oOnJTODJxb0R1NHJYMEY3bGM4cWJRQWc%7C%7C?hl=es-419","https://www.google.com/maps/contrib/107139892818416698770?hl=es-419",,,"es","0",
"Lardo & Rosemary","4","Muy buena opción para ir en pareja. Descontracturado, con un twist de gourmet. Hay intención y cuidado detrás. La propuesta es muy divertida de diferentes pequeños platos para ir probando y encima van cambiando a lo largo del tiempo. Muy bueno. Postres flojo, pero a mi no me importan. Y lo que si, lleno de etiquetas de vinos coloridas y cool, pero malos. Es algo que deberían cambiar. Asesorense con un buen sommelier. Salud.","2026-03-31T11:50:48.482Z","Naviera Parana","90","true","https://www.google.com/maps/reviews/data=!4m8!14m7!1m6!2m5!1sCi9DQUlRQUNvZENodHljRjlvT2xNM1JWTnFZMlZmTTBkR1gxSXdRbXhhVFY5SlNFRRAB!2m1!1s0x0:0x5344f4ed57e92227!3m1!1s2@1:CAIQACodChtycF9oOlM3RVNqY2VfM0dGX1IwQmxaTV9JSEE%7C%7C?hl=es-419","https://www.google.com/maps/contrib/115974600463427865412?hl=es-419",,,"es","0",
"Lardo & Rosemary","5","Todo rico. Precios acordes.","2026-03-27T16:31:16.049Z","Rocio Vera","42","true","https://www.google.com/maps/reviews/data=!4m8!14m7!1m6!2m5!1sCi9DQUlRQUNvZENodHljRjlvT2xsclZWUkdZMmR5TW5CRmRXeHFXbGh4Vkhwa1pGRRAB!2m1!1s0x0:0x5344f4ed57e92227!3m1!1s2@1:CAIQACodChtycF9oOllrVVRGY2dyMnBFdWxqWlhxVHpkZFE%7C%7C?hl=es-419","https://www.google.com/maps/contrib/109384784774429474619?hl=es-419",,,"es","0",
"Lardo & Rosemary","5","Pedimos el sándwich de carne, las papas y un postre de chocolate, y la verdad es que todo estuvo muy rico. Las papas me parecieron excelentes, crocantes y bien logradas, sin duda las volvería a pedir. El postre también estaba muy bueno y fue un gran cierre para la comida. El ambiente es lindo y agradable, ideal tanto para ir en pareja como con amigos. Recomiendo reservar con anticipación, ya que suele llenarse y se forma fila afuera.","2026-03-24T20:16:40.453Z","Sofía Belén Aragonés","35","true","https://www.google.com/maps/reviews/data=!4m8!14m7!1m6!2m5!1sCi9DQUlRQUNvZENodHljRjlvT25oaFpVNHpRbFpEV1ZOVVIyNUhVek4xZGxOTmJXYxAB!2m1!1s0x0:0x5344f4ed57e92227!3m1!1s2@1:CAIQACodChtycF9oOnhhZU4zQlZDWVNUR25HUzN1dlNNbWc%7C%7C?hl=es-419","https://www.google.com/maps/contrib/107027762540027498430?hl=es-419",,,"es","0",
"Lardo & Rosemary","5","Riquísimo y la atención 10 puntos!","2026-03-21T15:08:32.800Z","Sofía Castro Viera","34","true","https://www.google.com/maps/reviews/data=!4m8!14m7!1m6!2m5!1sCi9DQUlRQUNvZENodHljRjlvT25GMGVFMWZjM2RrU21SVVIxSkdiM1l4VlZSWmJrRRAB!2m1!1s0x0:0x5344f4ed57e92227!3m1!1s2@1:CAIQACodChtycF9oOnF0eE1fc3dkSmRUR1JGb3YxVVRZbkE%7C%7C?hl=es-419","https://www.google.com/maps/contrib/103424220960407024746?hl=es-419",,,"es","0",
"Lardo & Rosemary","5","Fuimos a cenar con mi marido, muyyy lindo el ambiente.
Recomiendo reservar, nosotros fuimos sin reserva y tuvimos que sentarnos afuera… un poco fresco pero todo super bien.
La comida muy rica! Las papas fritas con de las mejores y los sabores de los platos riquísimos.
Son porciones chicas, a tener en cuenta 😎
El postre, una mouse de choco exquisita!","2026-03-19T02:58:06.975Z","Cruz Pelletieri","23","true","https://www.google.com/maps/reviews/data=!4m8!14m7!1m6!2m5!1sCi9DQUlRQUNvZENodHljRjlvT2tsSlVtMURhREJ3VWtWYVJXZ3djMFpIUkhkWVlYYxAB!2m1!1s0x0:0x5344f4ed57e92227!3m1!1s2@1:CAIQACodChtycF9oOklJUm1DaDBwUkVaRWgwc0ZHRHdYYXc%7C%7C?hl=es-419","https://www.google.com/maps/contrib/111023744424752608038?hl=es-419",,,"es","0",
"Lardo & Rosemary","5",,"2026-03-13T04:37:17.481Z","JAVIER MACHUKI","5","false","https://www.google.com/maps/reviews/data=!4m8!14m7!1m6!2m5!1sCi9DQUlRQUNvZENodHljRjlvT2xwUVpWcHRUa1I2T0VWNk1pMVNUV1ZDU1hKeGRuYxAB!2m1!1s0x0:0x5344f4ed57e92227!3m1!1s2@1:CAIQACodChtycF9oOlpQZVptTkR6OEV6Mi1STWVCSXJxdnc%7C%7C?hl=es-419","https://www.google.com/maps/contrib/111984469405225066716?hl=es-419",,,,"0",
"Lardo & Rosemary","5","Excelente Lugar!!!! Comida tipo Tapeo con varias opciones, que son un manjar!!! Eramos 4 pedimos para compartir entre Fritas con 3 salsas, Tiradito ( tipo Ceviche muy gustoso), Arepas y Tacos de Pescado.. con aguas y 2 Vinos…
Muy buena atención 🤗, gracias","2026-03-01T16:53:12.265Z","Denise Dillon","120","true","https://www.google.com/maps/reviews/data=!4m8!14m7!1m6!2m5!1sCi9DQUlRQUNvZENodHljRjlvT25CUVpFMDBORGczUjFwcmJFcFhZa0p2YmxReFFsRRAB!2m1!1s0x0:0x5344f4ed57e92227!3m1!1s2@1:CAIQACodChtycF9oOnBQZE00NDg3R1prbEpXYkJvblQxQlE%7C%7C?hl=es-419","https://www.google.com/maps/contrib/108209275614110927444?hl=es-419",,,"es","0",
"Lardo & Rosemary","5",,"2026-03-01T04:54:51.551Z","Lourdes calo","4","false","https://www.google.com/maps/reviews/data=!4m8!14m7!1m6!2m5!1sCi9DQUlRQUNvZENodHljRjlvT2xkUFNsWlVOMGxxWTJjdFpYTTNUbGRNVkV3MFZHYxAB!2m1!1s0x0:0x5344f4ed57e92227!3m1!1s2@1:CAIQACodChtycF9oOldPSlZUN0lqY2ctZXM3TldMVEw0VGc%7C%7C?hl=es-419","https://www.google.com/maps/contrib/109564585737909427077?hl=es-419",,,,"0",
"Lardo & Rosemary","1","No tienen opciones para celiacos. Que alguien les avise que es el 2026 así se agiornan.","2026-02-18T02:45:43.491Z","cycestudio","30","true","https://www.google.com/maps/reviews/data=!4m8!14m7!1m6!2m5!1sCi9DQUlRQUNvZENodHljRjlvT2pjdGFYSTBhSEo2TjNaYWMxaHBTbWhmZWxGclRuYxAB!2m1!1s0x0:0x5344f4ed57e92227!3m1!1s2@1:CAIQACodChtycF9oOjctaXI0aHJ6N3Zac1hpSmhfelFrTnc%7C%7C?hl=es-419","https://www.google.com/maps/contrib/109808966765169795327?hl=es-419",,,"es","0",
"Lardo & Rosemary","5","Me encanta visitarlos. Muy buena atención, una carta muy buena y buenas recomendaciones. Me gusta la mesa común con sus divisiones, solo hay que considerar que las sillas en ese espacio no tienen respaldo. El único inconveniente con el que suelo encontrarme es el horario de las reservas, o muy temprano o muy tarde.","2026-02-17T13:28:30.672Z","Alejandra Ruggero","35","true","https://www.google.com/maps/reviews/data=!4m8!14m7!1m6!2m5!1sCi9DQUlRQUNvZENodHljRjlvT2xweldIZEJaMGhXWWtONk9UQktVWGxvVkdOeFpWRRAB!2m1!1s0x0:0x5344f4ed57e92227!3m1!1s2@1:CAIQACodChtycF9oOlpzWHdBZ0hWYkN6OTBKUXloVGNxZVE%7C%7C?hl=es-419","https://www.google.com/maps/contrib/104645567385174235527?hl=es-419",,,"es","0",
"Lardo & Rosemary","5","Ame este lugar! Para volver una y otra vez! Comida con sabores increíbles, atención perfecto. Un lugar para compartir con amigos, pareja y FLIA.","2026-02-17T11:07:46.334Z","Andrea Caleffa","121","true","https://www.google.com/maps/reviews/data=!4m8!14m7!1m6!2m5!1sCi9DQUlRQUNvZENodHljRjlvT21keGJqTkdZaTFxUVRSdmFYaHdPRlJDWkVGS1UyYxAB!2m1!1s0x0:0x5344f4ed57e92227!3m1!1s2@1:CAIQACodChtycF9oOmdxbjNGYi1qQTRvaXhwOFRCZEFKU2c%7C%7C?hl=es-419","https://www.google.com/maps/contrib/115991830071359093556?hl=es-419",,,"es","0",
"Lardo & Rosemary","5","Me encanta Lardo para una cena romántica o con amigas. Las papas fritas son un mil y las pido cada vez que voy. El postre de banana y dulce de leche no se destacó. Siempre recomiendo hacer reserva, y hay que tener en cuenta que las mesas te las dan por un tiempo limitado (si no me equivoco es 2hs).","2026-02-17T01:44:30.440Z","PM","292","true","https://www.google.com/maps/reviews/data=!4m8!14m7!1m6!2m5!1sCi9DQUlRQUNvZENodHljRjlvT2paNGNVaGpRbWhqWmtkQkxVbDJTVUUyVkRsS1NsRRAB!2m1!1s0x0:0x5344f4ed57e92227!3m1!1s2@1:CAIQACodChtycF9oOjZ4cUhjQmhjZkdBLUl2SUE2VDlKSlE%7C%7C?hl=es-419","https://www.google.com/maps/contrib/104121567584618121047?hl=es-419",,,"es","0",
"Lardo & Rosemary","1",,"2026-02-16T21:23:02.142Z","ESTUDIO CIOCCIO","148","true","https://www.google.com/maps/reviews/data=!4m8!14m7!1m6!2m5!1sCi9DQUlRQUNvZENodHljRjlvT2taNVIxcENUbk5RTVc1bVdWSmtWVWhXY0cxRlozYxAB!2m1!1s0x0:0x5344f4ed57e92227!3m1!1s2@1:CAIQACodChtycF9oOkZ5R1pCTnNQMW5mWVJkVUhWcG1FZ3c%7C%7C?hl=es-419","https://www.google.com/maps/contrib/104205389137188426143?hl=es-419",,,,"0",
"Lardo & Rosemary","5","Que rico todo! Sorprendente. Vegeta friendly y atención 1000. Volveremos por lo que no probamos y por la buena onda :) vinito rico y excelente clima","2026-02-07T02:54:50.400Z","Maria Agustina Boaventura Dubovik","58","true","https://www.google.com/maps/reviews/data=!4m8!14m7!1m6!2m5!1sCi9DQUlRQUNvZENodHljRjlvT2pJd05FVXlabFpRVHpaWlZFNXBTamRuZGpkeFNWRRAB!2m1!1s0x0:0x5344f4ed57e92227!3m1!1s2@1:CAIQACodChtycF9oOjIwNEUyZlZQTzZZVE5pSjdndjdxSVE%7C%7C?hl=es-419","https://www.google.com/maps/contrib/107157304212682957596?hl=es-419",,,"es","0",
"Lardo & Rosemary","5","Excelente lugar","2026-02-05T16:14:19.367Z","Sofia Melina","8","false","https://www.google.com/maps/reviews/data=!4m8!14m7!1m6!2m5!1sCi9DQUlRQUNvZENodHljRjlvT2tKTGQwUjFOa2hLZGxCd1pITkZha1ZIYWtKV1oyYxAB!2m1!1s0x0:0x5344f4ed57e92227!3m1!1s2@1:CAIQACodChtycF9oOkJLd0R1NkhKdlBwZHNFakVHakJWZ2c%7C%7C?hl=es-419","https://www.google.com/maps/contrib/113665105533775000172?hl=es-419",,,"es","0",
"Lardo & Rosemary","4",,"2026-02-01T00:17:04.226Z","fran leius","3","false","https://www.google.com/maps/reviews/data=!4m8!14m7!1m6!2m5!1sCi9DQUlRQUNvZENodHljRjlvT2xkVWJ6bG9lVXhuVnpjMWEyOWZaMVI2YzAxR2EwRRAB!2m1!1s0x0:0x5344f4ed57e92227!3m1!1s2@1:CAIQACodChtycF9oOldUbzloeUxnVzc1a29fZ1R6c01Ga0E%7C%7C?hl=es-419","https://www.google.com/maps/contrib/103197880238106063242?hl=es-419",,,,"0",
"Lardo & Rosemary","5",,"2026-01-28T12:47:36.430Z","Bautista P","30","true","https://www.google.com/maps/reviews/data=!4m8!14m7!1m6!2m5!1sCi9DQUlRQUNvZENodHljRjlvT2pCZldXWnZMVmxHVEdGcVVVZEZibXQ0U25FdFFuYxAB!2m1!1s0x0:0x5344f4ed57e92227!3m1!1s2@1:CAIQACodChtycF9oOjBfWWZvLVlGTGFqUUdFbmt4SnEtQnc%7C%7C?hl=es-419","https://www.google.com/maps/contrib/118411838277583057812?hl=es-419",,,,"0",
"Lardo & Rosemary","4","Muy rico, un poco caro y se pasa de cool. Lindo ambiente. Conviene ir con reserva.","2026-01-27T04:43:54.633Z","Michari Arichi","31","true","https://www.google.com/maps/reviews/data=!4m8!14m7!1m6!2m5!1sCi9DQUlRQUNvZENodHljRjlvT25sTldtZEhSbUZRT1U1dWRrcGtkV1psTWxZM1VFRRAB!2m1!1s0x0:0x5344f4ed57e92227!3m1!1s2@1:CAIQACodChtycF9oOnlNWmdHRmFQOU5udkpkdWZlMlY3UEE%7C%7C?hl=es-419","https://www.google.com/maps/contrib/109776286644229337888?hl=es-419",,,"es","0",
"Lardo & Rosemary","4",,"2026-01-25T11:47:22.206Z","Sandra Morley","4","false","https://www.google.com/maps/reviews/data=!4m8!14m7!1m6!2m5!1sCi9DQUlRQUNvZENodHljRjlvT2tOeVdYcDRhRXBZTFdOZmNVOVdVbVF5YlhGcWNFRRAB!2m1!1s0x0:0x5344f4ed57e92227!3m1!1s2@1:CAIQACodChtycF9oOkNyWXp4aEpYLWNfcU9WUmQybXFqcEE%7C%7C?hl=es-419","https://www.google.com/maps/contrib/117639270867133127926?hl=es-419",,,,"0",
"Lardo & Rosemary","5","Espacio relajado y cool, para compartir platitos, un vermut o un vinito. Siempre nos reciben de 10 y ofrecen opciones sin gluten. 🤍","2026-01-19T17:58:05.205Z","Carolina Sosa Haudet","72","true","https://www.google.com/maps/reviews/data=!4m8!14m7!1m6!2m5!1sCi9DQUlRQUNvZENodHljRjlvT25KSVV5MTBTMWQzTURCM1pVSnNXbGt3ZW1oZlptYxAB!2m1!1s0x0:0x5344f4ed57e92227!3m1!1s2@1:CAIQACodChtycF9oOnJIUy10S1d3MDB3ZUJsWlkwemhfZmc%7C%7C?hl=es-419","https://www.google.com/maps/contrib/117411075144294023619?hl=es-419",,,"es","0",
"Lardo & Rosemary","5",,"2026-01-14T22:19:23.965Z","Sergio Frojan","9","false","https://www.google.com/maps/reviews/data=!4m8!14m7!1m6!2m5!1sCi9DQUlRQUNvZENodHljRjlvT2taWE1WQnBPWEJyTURGeFEwbHNRMk00VkMxRlNIYxAB!2m1!1s0x0:0x5344f4ed57e92227!3m1!1s2@1:CAIQACodChtycF9oOkZXMVBpOXBrMDFxQ0lsQ2M4VC1FSHc%7C%7C?hl=es-419","https://www.google.com/maps/contrib/106884971532506067930?hl=es-419",,,,"0",
"Lardo & Rosemary","5",,"2026-01-10T17:23:25.941Z","Victoria Aranguren","32","true","https://www.google.com/maps/reviews/data=!4m8!14m7!1m6!2m5!1sCi9DQUlRQUNvZENodHljRjlvT2t4bVFqaENSSGxuV1RjdGQwRlBXRFkxUTBZd05HYxAB!2m1!1s0x0:0x5344f4ed57e92227!3m1!1s2@1:CAIQACodChtycF9oOkxmQjhCRHlnWTctd0FPWDY1Q0YwNGc%7C%7C?hl=es-419","https://www.google.com/maps/contrib/104503367040140749938?hl=es-419",,,"es","0",
"Lardo & Rosemary","5","Excelente comida y atención. Un lugar diferente, con muy buena onda para disfrutar cocina de autor a precios muy razonables. Comimos el tiradito de salmón, el taco de pescado, el sandwitch de lomo y la fondant de chocoloate. Todo perfecto.","2026-01-08T15:21:07.047Z","Tomas Franke","41","true","https://www.google.com/maps/reviews/data=!4m8!14m7!1m6!2m5!1sCi9DQUlRQUNvZENodHljRjlvT2xSUmJrMUNiakZvWmxsVmVGcHdWaTFvYVd3MmFtYxAB!2m1!1s0x0:0x5344f4ed57e92227!3m1!1s2@1:CAIQACodChtycF9oOlRRbk1CbjFoZllVeFpwVi1oaWw2amc%7C%7C?hl=es-419","https://www.google.com/maps/contrib/116619359208136746763?hl=es-419",,,"es","0",
"Lardo & Rosemary","5",,"2026-01-07T13:48:52.945Z","Santiago Fernandez Dragosits","5","false","https://www.google.com/maps/reviews/data=!4m8!14m7!1m6!2m5!1sCi9DQUlRQUNvZENodHljRjlvT2tSSk9XMVNhbGRaWjBKTFRsZEhkV1p5TTFFMVNsRRAB!2m1!1s0x0:0x5344f4ed57e92227!3m1!1s2@1:CAIQACodChtycF9oOkRJOW1SaldZZ0JLTldHdWZyM1E1SlE%7C%7C?hl=es-419","https://www.google.com/maps/contrib/112368731339422968110?hl=es-419",,,,"0",
"Lardo & Rosemary","5",,"2026-01-05T02:39:00.658Z","Melina Florio","6","false","https://www.google.com/maps/reviews/data=!4m8!14m7!1m6!2m5!1sCi9DQUlRQUNvZENodHljRjlvT2twdFdrTjBVa3BoWWpsMFlteHJRMmRyVVVWNmRIYxAB!2m1!1s0x0:0x5344f4ed57e92227!3m1!1s2@1:CAIQACodChtycF9oOkptWkN0UkphYjl0YmxrQ2drUUV6dHc%7C%7C?hl=es-419","https://www.google.com/maps/contrib/100004905663772790447?hl=es-419",,,,"0",
"Lardo & Rosemary","5","Todo 10/10","2025-12-23T14:06:42.554Z","Delfina","6","false","https://www.google.com/maps/reviews/data=!4m8!14m7!1m6!2m5!1sCi9DQUlRQUNvZENodHljRjlvT2xaWlUyUTJWMTlST1dwRWFVVlZiV3BXU3pCQ2RFRRAB!2m1!1s0x0:0x5344f4ed57e92227!3m1!1s2@1:CAIQACodChtycF9oOlZZU2Q2V19ROWpEaUVVbWpWSzBCdEE%7C%7C?hl=es-419","https://www.google.com/maps/contrib/103451959348167556433?hl=es-419",,,"pt","0",
"Lardo & Rosemary","5",,"2025-12-22T04:44:40.565Z","Mariana Aramburu","10","true","https://www.google.com/maps/reviews/data=!4m8!14m7!1m6!2m5!1sCi9DQUlRQUNvZENodHljRjlvT2pGcVZWVmtRM3AwZVV0RWNqZFliMXBEVXpSU2NHYxAB!2m1!1s0x0:0x5344f4ed57e92227!3m1!1s2@1:CAIQACodChtycF9oOjFqVVVkQ3p0eUtEcjdYb1pDUzRScGc%7C%7C?hl=es-419","https://www.google.com/maps/contrib/117065963349853516631?hl=es-419",,,,"0",
"Lardo & Rosemary","5","Really amazing experience. The food was so good, the wine was great, and the place itself is beautiful. The staff was super kind and attentive, they really take care of every detail. Loved it","2025-12-21T15:03:24.310Z","brenluccane","10","true","https://www.google.com/maps/reviews/data=!4m8!14m7!1m6!2m5!1sCi9DQUlRQUNvZENodHljRjlvT25WRVpYaEJPRUV6TFZod2NVcHVVSFJYWWtwRGVHYxAB!2m1!1s0x0:0x5344f4ed57e92227!3m1!1s2@1:CAIQACodChtycF9oOnVEZXhBOEEzLVhwcUpuUHRXYkpDeGc%7C%7C?hl=es-419","https://www.google.com/maps/contrib/104648041874593846507?hl=es-419",,,"en","0",
"Lardo & Rosemary","5","Excelente como siempre","2025-12-21T04:55:59.441Z","Rodrigo Sala","29","true","https://www.google.com/maps/reviews/data=!4m8!14m7!1m6!2m5!1sCi9DQUlRQUNvZENodHljRjlvT210Q016WXdjRko2UkhWNlUzSTJOMHRaTWpKYVZrRRAB!2m1!1s0x0:0x5344f4ed57e92227!3m1!1s2@1:CAIQACodChtycF9oOmtCMzYwcFJ6RHV6U3I2N0tZMjJaVkE%7C%7C?hl=es-419","https://www.google.com/maps/contrib/110996253650256075559?hl=es-419",,,"es","0",
"Lardo & Rosemary","5","Tres palabras: wow","2025-12-19T20:24:20.331Z","Cloe Dayan Cuan","8","false","https://www.google.com/maps/reviews/data=!4m8!14m7!1m6!2m5!1sCi9DQUlRQUNvZENodHljRjlvT25WalMwZHZXV3R1TmtSSVRtUm1WMDlTWlhjdGRGRRAB!2m1!1s0x0:0x5344f4ed57e92227!3m1!1s2@1:CAIQACodChtycF9oOnVjS0dvWWtuNkRITmRmV09SZXctdFE%7C%7C?hl=es-419","https://www.google.com/maps/contrib/116878820318534383012?hl=es-419",,,"es","0",
"Lardo & Rosemary","5","Increíble la comida, pedimos 5 platos distintos y la verdad que TODOS estaban deliciosos. Muy buena la atención de los mozos, super amable todo el personal que trabaja en el lugar que nos atendieron de lujo. Un lugar muy recomendable para tomar un buen vino y comer rico, sin ninguna duda vamos a volver.","2025-12-17T16:13:20.944Z","Augusto Oviedo","3","false","https://www.google.com/maps/reviews/data=!4m8!14m7!1m6!2m5!1sCi9DQUlRQUNvZENodHljRjlvT2xkQk1UVnROR2cyYUdkWE5YQkxlSEl4TWxCVFEzYxAB!2m1!1s0x0:0x5344f4ed57e92227!3m1!1s2@1:CAIQACodChtycF9oOldBMTVtNGg2aGdXNXBLeHIxMlBTQ3c%7C%7C?hl=es-419","https://www.google.com/maps/contrib/118226068057923074385?hl=es-419",,,"es","0",
"Lardo & Rosemary","4","No es un restaurante, es más una vermuteria , donde podes tomar vino o vermut y picar algunas tapas. Aprox el consumo de dos tapas cada uno pagas un poco más de 30 mil pesos y como no me gusta el vino, pedí un gin tonic, que estaba súper diluido, no me gustó para nada. Por persona gastas unos 50 mil pesos, es un lugar para probar algo distinto, pero no me convenció. Saque unas fotos, me olvide la foto de las papas y las bebidas.","2025-12-07T02:52:06.965Z","Ana Laura Jimenez Betro","109","true","https://www.google.com/maps/reviews/data=!4m8!14m7!1m6!2m5!1sCi9DQUlRQUNvZENodHljRjlvT2poUVNubG1UM05aUzJKVE0wVkVabmRUWkhZeE1GRRAB!2m1!1s0x0:0x5344f4ed57e92227!3m1!1s2@1:CAIQACodChtycF9oOjhQSnlmT3NZS2JTM0VEZndTZHYxMFE%7C%7C?hl=es-419","https://www.google.com/maps/contrib/116313761211887543090?hl=es-419",,,"es","1",
"Lardo & Rosemary","5","It is worth the distance if you are in the city center. The dishes are creative and light, all the flavors are in focus. Finely curated, entertaining wine list. Very good service. One of the best restaurants in BA IMHO","2025-12-03T01:05:06.170Z","Antonio Morescalchi","10","false","https://www.google.com/maps/reviews/data=!4m8!14m7!1m6!2m5!1sCi9DQUlRQUNvZENodHljRjlvT2tSRVFuUldNMGh3WWxKa1RVcHFlSGR0WnpkU1pFRRAB!2m1!1s0x0:0x5344f4ed57e92227!3m1!1s2@1:CAIQACodChtycF9oOkREQnRWM0hwYlJkTUpqeHdtZzdSZEE%7C%7C?hl=es-419","https://www.google.com/maps/contrib/117288909508013183349?hl=es-419",,,"en","0",
"Lardo & Rosemary","5",,"2025-11-25T03:15:45.680Z","Victoria Bobadilla","4","false","https://www.google.com/maps/reviews/data=!4m8!14m7!1m6!2m5!1sCi9DQUlRQUNvZENodHljRjlvT21OSk0xZzRhRUpVUTJwNlZYcG9WRmx2ZFhSYVdIYxAB!2m1!1s0x0:0x5344f4ed57e92227!3m1!1s2@1:CAIQACodChtycF9oOmNJM1g4aEJUQ2p6VXpoVFlvdXRaWHc%7C%7C?hl=es-419","https://www.google.com/maps/contrib/118092943264856271404?hl=es-419",,,,"0",
"Lardo & Rosemary","5",,"2025-11-09T13:26:48.170Z","Delfina Gavalda","0","false","https://www.google.com/maps/reviews/data=!4m8!14m7!1m6!2m5!1sCi9DQUlRQUNvZENodHljRjlvT2tNeVNuTjBSa1ZpYUhWa1ZITk5ObVEwYkRScVRWRRAB!2m1!1s0x0:0x5344f4ed57e92227!3m1!1s2@1:CAIQACodChtycF9oOkMySnN0RkViaHVkVHNNNmQ0bDRqTVE%7C%7C?hl=es-419","https://www.google.com/maps/contrib/110440266126501196596?hl=es-419",,,,"0",
"Lardo & Rosemary","5",,"2025-11-08T12:45:06.204Z","Delfina Artaza","11","false","https://www.google.com/maps/reviews/data=!4m8!14m7!1m6!2m5!1sCi9DQUlRQUNvZENodHljRjlvT2pSSlZXZFJUa1U0VURGUWQzRktkek5hVkUxYU4xRRAB!2m1!1s0x0:0x5344f4ed57e92227!3m1!1s2@1:CAIQACodChtycF9oOjRJVWdRTkU4UDFQd3FKdzNaVE1aN1E%7C%7C?hl=es-419","https://www.google.com/maps/contrib/106288272219358511643?hl=es-419",,,,"0",
"Lardo & Rosemary","4","Muy buena oferta de menú y vinos. Sabores innovadores, platos chicos, ideal para pedir varios y compartir. No pudimos reservar pero llegamos temprano y había mesas disponibles. Recomiendo","2025-11-05T23:48:41.034Z","aniweis","78","true","https://www.google.com/maps/reviews/data=!4m8!14m7!1m6!2m5!1sCi9DQUlRQUNvZENodHljRjlvT25FemMxY3hRWFEyVVdaNloyMVlhMWt3V20xeVJHYxAB!2m1!1s0x0:0x5344f4ed57e92227!3m1!1s2@1:CAIQACodChtycF9oOnEzc1cxQXQ2UWZ6Z21Ya1kwWm1yRGc%7C%7C?hl=es-419","https://www.google.com/maps/contrib/106534479471605182614?hl=es-419",,,"es","0",
"Lardo & Rosemary","5","Equilibrio. Buen rato con profundos amigos. Gracias.","2025-11-05T02:24:46.573Z","cristian ramon podesta","2","false","https://www.google.com/maps/reviews/data=!4m8!14m7!1m6!2m5!1sCi9DQUlRQUNvZENodHljRjlvT2xab1MwOUdWbTFzU2tsQmNuYzRWMkZhU1Y5SVNGRRAB!2m1!1s0x0:0x5344f4ed57e92227!3m1!1s2@1:CAIQACodChtycF9oOlZoS09GVm1sSklBcnc4V2FaSV9ISFE%7C%7C?hl=es-419","https://www.google.com/maps/contrib/105155711888628261654?hl=es-419",,,"es","0",
"Lardo & Rosemary","3","Muy buena la comida la carta de vinos y la atención. Muy malo que no tengan cambiador para bebés.","2025-11-04T23:03:44.474Z","Florencia Fontán","70","true","https://www.google.com/maps/reviews/data=!4m8!14m7!1m6!2m5!1sCi9DQUlRQUNvZENodHljRjlvT2xVd2JrRnRORlZ1UkU5dGRYSlhUMnhpY1VGd1gxRRAB!2m1!1s0x0:0x5344f4ed57e92227!3m1!1s2@1:CAIQACodChtycF9oOlUwbkFtNFVuRE9tdXJXT2xicUFwX1E%7C%7C?hl=es-419","https://www.google.com/maps/contrib/105141749967387746970?hl=es-419",,,"es","0",
"Lardo & Rosemary","4","Rico, fresco & el servicio súper profesional","2025-10-31T03:39:34.016Z","Catalina Dalbagni","19","true","https://www.google.com/maps/reviews/data=!4m8!14m7!1m6!2m5!1sCi9DQUlRQUNvZENodHljRjlvT2xoaE9UWnJVV1JGYVRoelkxbFJWWGs1TkVsaU1GRRAB!2m1!1s0x0:0x5344f4ed57e92227!3m1!1s2@1:CAIQACodChtycF9oOlhhOTZrUWRFaThzY1lRVXk5NEliMFE%7C%7C?hl=es-419","https://www.google.com/maps/contrib/114282821423986747314?hl=es-419",,,"es","0",
"Lardo & Rosemary","5","Ayer fui con mi novio y nos pareció un lugar increíble. El lugar es divino, muy bien puesto con mesas de mármol y una iluminación justa, fuimos muy bien asesorados porque nos atendió un camarero espectacular que fue muy amoroso y atento con nosotros. Las papas fritas 10/10, imperdibles, buenos vinos, probamos el hinojo, el bao blanco, la arepa y el fondant de chocolate con un helado de pistacho delicioso. Todo muy rico y un ambiente muy agradable. Vamos a volver. Gracias :)","2025-10-17T01:54:45.339Z","Isabel Estevarena","18","true","https://www.google.com/maps/reviews/data=!4m8!14m7!1m6!2m5!1sCi9DQUlRQUNvZENodHljRjlvT21wSFJqSTViMk56U0dWSVlVaE9ObEpITkRKMVZYYxAB!2m1!1s0x0:0x5344f4ed57e92227!3m1!1s2@1:CAIQACodChtycF9oOmpHRjI5b2NzSGVIYUhONlJHNDJ1VXc%7C%7C?hl=es-419","https://www.google.com/maps/contrib/117361403506356806926?hl=es-419",,,"es","0",
"Lardo & Rosemary","5",,"2025-10-13T19:26:30.439Z","Carlos Odell","15","false","https://www.google.com/maps/reviews/data=!4m8!14m7!1m6!2m5!1sCi9DQUlRQUNvZENodHljRjlvT21KNVdWQjZOVE5JT0hwcFRsaDFlSGx4YTFWRE5IYxAB!2m1!1s0x0:0x5344f4ed57e92227!3m1!1s2@1:CAIQACodChtycF9oOmJ5WVB6NTNIOHppTlh1eHlxa1VDNHc%7C%7C?hl=es-419","https://www.google.com/maps/contrib/104811990054979391213?hl=es-419",,,,"0",
"Lardo & Rosemary","4","No falla, es un GRAN lugar para una cita y/o grupo chico de amigos. Ambiente relajado, buen vino, buena comida (en otras palabras: vayan).

Eramos 3, pedimos:
- los dumplings (vienen 3, bañenlos en la salsita que viene abajo, hace toda la magia, es especiado y un cachín picante),

- el alcaucil (no puedo explicarlo pero hay que probarlo, está super bien logrado, no se si fue mi plato estrella/caballito de batalla pero hay que pedirlo),

- niño envuelto (spoiler: era conceptual, de sabor estaba bien balanceado pero no era un niño envuelto, tmb super especiado)

- ya para reventar pedimos una arepa reina pepiada (vienen 2, mucha frescura)

Lo que me soprendió muchísimo -no para bien- fue el vino. Pedimos un Criolla x Universo LB, lo trajeron DEMASIADO frio, no estaba a temperatura -acá haters are gonna hate- pero gran parte de su propuesta son los vinos y es un descuido.

Hay dos turnos y cuando suena la campana nadie quiere irse, hay formas y formas de pedir que te retires la de la moza no fue la más atinada.

Si van por algún festejo especial (aka cumpleaños), avisen cuando llegan si esperan alguna velita porque creo que no lo tienen en cuenta cuando uno hace la reserva por Meitre.","2025-10-09T13:43:26.425Z","Juana Musumeci","17","true","https://www.google.com/maps/reviews/data=!4m8!14m7!1m6!2m5!1sCi9DQUlRQUNvZENodHljRjlvT2xWdFJ6Vm9iVWR5TXpSeVRXTTBjeTFTYVhreVlrRRAB!2m1!1s0x0:0x5344f4ed57e92227!3m1!1s2@1:CAIQACodChtycF9oOlVtRzVobUdyMzRyTWM0cy1SaXkyYkE%7C%7C?hl=es-419","https://www.google.com/maps/contrib/109091101992532889092?hl=es-419",,,"es","0",
